[
  {
    "iteration": 100,
    "flights": 5,
    "parts": 4
  },
  {
    "iteration": 200,
    "flights": 5,
    "parts": 4
  },
  {
    "iteration": 300,
    "flights": 5,
    "parts": 4
  },
  {
    "iteration": 400,
    "flights": 3,
    "parts": 4
  },
  {
    "iteration": 500,
    "flights": 5,
    "parts": 4
  },
  {
    "iteration": 600,
    "flights": 5,
    "parts": 4
  },
  {
    "iteration": 700,
    "flights": 5,
    "parts": 4
  },
  {
    "iteration": 800,
    "flights": 5,
    "parts": 4
  },
  {
    "iteration": 900,
    "flights": 5,
    "parts": 4
  },
  {
    "iteration": 1000,
    "flights": 4,
    "parts": 4
  },
  {
    "iteration": 1100,
    "flights": 5,
    "parts": 3
  },
  {
    "iteration": 1200,
    "flights": 5,
    "parts": 3
  },
  {
    "iteration": 1300,
    "flights": 5,
    "parts": 3
  },
  {
    "iteration": 1400,
    "flights": 5,
    "parts": 3
  },
  {
    "iteration": 1500,
    "flights": 5,
    "parts": 3
  },
  {
    "iteration": 1600,
    "flights": 5,
    "parts": 3
  },
  {
    "iteration": 1700,
    "flights": 5,
    "parts": 3
  },
  {
    "iteration": 1800,
    "flights": 5,
    "parts": 3
  },
  {
    "iteration": 1900,
    "flights": 5,
    "parts": 4
  },
  {
    "iteration": 2000,
    "flights": 5,
    "parts": 4
  },
  {
    "iteration": 2100,
    "flights": 5,
    "parts": 4
  },
  {
    "iteration": 2200,
    "flights": 5,
    "parts": 3
  },
  {
    "iteration": 2300,
    "flights": 5,
    "parts": 3
  },
  {
    "iteration": 2400,
    "flights": 5,
    "parts": 3
  },
  {
    "iteration": 2500,
    "flights": 3,
    "parts": 3
  },
  {
    "iteration": 2600,
    "flights": 0,
    "parts": 4
  },
  {
    "iteration": 2700,
    "flights": 4,
    "parts": 4
  },
  {
    "iteration": 2800,
    "flights": 4,
    "parts": 3
  },
  {
    "iteration": 2900,
    "flights": 5,
    "parts": 2
  },
  {
    "iteration": 3000,
    "flights": 4,
    "parts": 2
  },
  {
    "iteration": 3100,
    "flights": 5,
    "parts": 2
  },
  {
    "iteration": 3200,
    "flights": 5,
    "parts": 3
  },
  {
    "iteration": 3300,
    "flights": 5,
    "parts": 3
  },
  {
    "iteration": 3400,
    "flights": 5,
    "parts": 3
  },
  {
    "iteration": 3500,
    "flights": 5,
    "parts": 3
  },
  {
    "iteration": 3600,
    "flights": 5,
    "parts": 2
  },
  {
    "iteration": 3700,
    "flights": 5,
    "parts": 3
  },
  {
    "iteration": 3800,
    "flights": 5,
    "parts": 3
  },
  {
    "iteration": 3900,
    "flights": 4,
    "parts": 2
  },
  {
    "iteration": 4000,
    "flights": 5,
    "parts": 4
  },
  {
    "iteration": 4100,
    "flights": 5,
    "parts": 3
  },
  {
    "iteration": 4200,
    "flights": 5,
    "parts": 3
  },
  {
    "iteration": 4300,
    "flights": 5,
    "parts": 3
  },
  {
    "iteration": 4400,
    "flights": 1,
    "parts": 3
  },
  {
    "iteration": 4500,
    "flights": 3,
    "parts": 4
  },
  {
    "iteration": 4600,
    "flights": 5,
    "parts": 3
  },
  {
    "iteration": 4700,
    "flights": 5,
    "parts": 3
  },
  {
    "iteration": 4800,
    "flights": 5,
    "parts": 2
  },
  {
    "iteration": 4900,
    "flights": 5,
    "parts": 2
  },
  {
    "iteration": 5000,
    "flights": 5,
    "parts": 3
  },
  {
    "iteration": 5100,
    "flights": 5,
    "parts": 3
  },
  {
    "iteration": 5200,
    "flights": 5,
    "parts": 3
  },
  {
    "iteration": 5300,
    "flights": 5,
    "parts": 3
  },
  {
    "iteration": 5400,
    "flights": 5,
    "parts": 3
  },
  {
    "iteration": 5500,
    "flights": 5,
    "parts": 4
  },
  {
    "iteration": 5600,
    "flights": 5,
    "parts": 3
  },
  {
    "iteration": 5700,
    "flights": 5,
    "parts": 3
  },
  {
    "iteration": 5800,
    "flights": 5,
    "parts": 3
  },
  {
    "iteration": 5900,
    "flights": 0,
    "parts": 3
  },
  {
    "iteration": 6000,
    "flights": 5,
    "parts": 2
  },
  {
    "iteration": 6100,
    "flights": 5,
    "parts": 2
  },
  {
    "iteration": 6200,
    "flights": 3,
    "parts": 3
  },
  {
    "iteration": 6300,
    "flights": 5,
    "parts": 4
  },
  {
    "iteration": 6400,
    "flights": 3,
    "parts": 3
  },
  {
    "iteration": 6500,
    "flights": 5,
    "parts": 3
  },
  {
    "iteration": 6600,
    "flights": 4,
    "parts": 4
  },
  {
    "iteration": 6700,
    "flights": 0,
    "parts": 3
  },
  {
    "iteration": 6800,
    "flights": 0,
    "parts": 4
  },
  {
    "iteration": 6900,
    "flights": 4,
    "parts": 4
  },
  {
    "iteration": 7000,
    "flights": 4,
    "parts": 3
  },
  {
    "iteration": 7100,
    "flights": 4,
    "parts": 3
  },
  {
    "iteration": 7200,
    "flights": 4,
    "parts": 3
  },
  {
    "iteration": 7300,
    "flights": 5,
    "parts": 2
  },
  {
    "iteration": 7400,
    "flights": 5,
    "parts": 2
  },
  {
    "iteration": 7500,
    "flights": 5,
    "parts": 2
  },
  {
    "iteration": 7600,
    "flights": 5,
    "parts": 2
  },
  {
    "iteration": 7700,
    "flights": 0,
    "parts": 3
  },
  {
    "iteration": 7800,
    "flights": 4,
    "parts": 2
  },
  {
    "iteration": 7900,
    "flights": 5,
    "parts": 2
  },
  {
    "iteration": 8000,
    "flights": 5,
    "parts": 2
  },
  {
    "iteration": 8100,
    "flights": 2,
    "parts": 4
  },
  {
    "iteration": 8200,
    "flights": 5,
    "parts": 4
  },
  {
    "iteration": 8300,
    "flights": 5,
    "parts": 3
  },
  {
    "iteration": 8400,
    "flights": 4,
    "parts": 4
  },
  {
    "iteration": 8500,
    "flights": 3,
    "parts": 3
  },
  {
    "iteration": 8600,
    "flights": 5,
    "parts": 4
  },
  {
    "iteration": 8700,
    "flights": 3,
    "parts": 4
  },
  {
    "iteration": 8800,
    "flights": 5,
    "parts": 3
  },
  {
    "iteration": 8900,
    "flights": 3,
    "parts": 3
  },
  {
    "iteration": 9000,
    "flights": 5,
    "parts": 2
  },
  {
    "iteration": 9100,
    "flights": 5,
    "parts": 3
  },
  {
    "iteration": 9200,
    "flights": 5,
    "parts": 3
  },
  {
    "iteration": 9300,
    "flights": 5,
    "parts": 4
  },
  {
    "iteration": 9400,
    "flights": 1,
    "parts": 3
  },
  {
    "iteration": 9500,
    "flights": 1,
    "parts": 4
  },
  {
    "iteration": 9600,
    "flights": 1,
    "parts": 3
  },
  {
    "iteration": 9700,
    "flights": 3,
    "parts": 3
  },
  {
    "iteration": 9800,
    "flights": 5,
    "parts": 2
  },
  {
    "iteration": 9900,
    "flights": 1,
    "parts": 3
  },
  {
    "iteration": 10000,
    "flights": 5,
    "parts": 3
  },
  {
    "iteration": 10100,
    "flights": 1,
    "parts": 2
  },
  {
    "iteration": 10200,
    "flights": 3,
    "parts": 2
  },
  {
    "iteration": 10300,
    "flights": 2,
    "parts": 3
  },
  {
    "iteration": 10400,
    "flights": 5,
    "parts": 2
  },
  {
    "iteration": 10500,
    "flights": 5,
    "parts": 1
  },
  {
    "iteration": 10600,
    "flights": 5,
    "parts": 1
  },
  {
    "iteration": 10700,
    "flights": 1,
    "parts": 3
  },
  {
    "iteration": 10800,
    "flights": 4,
    "parts": 4
  },
  {
    "iteration": 10900,
    "flights": 4,
    "parts": 3
  },
  {
    "iteration": 11000,
    "flights": 4,
    "parts": 2
  },
  {
    "iteration": 11100,
    "flights": 4,
    "parts": 3
  },
  {
    "iteration": 11200,
    "flights": 0,
    "parts": 4
  },
  {
    "iteration": 11300,
    "flights": 0,
    "parts": 3
  },
  {
    "iteration": 11400,
    "flights": 0,
    "parts": 4
  },
  {
    "iteration": 11500,
    "flights": 2,
    "parts": 4
  },
  {
    "iteration": 11600,
    "flights": 2,
    "parts": 3
  },
  {
    "iteration": 11700,
    "flights": 4,
    "parts": 2
  },
  {
    "iteration": 11800,
    "flights": 0,
    "parts": 3
  },
  {
    "iteration": 11900,
    "flights": 4,
    "parts": 2
  },
  {
    "iteration": 12000,
    "flights": 4,
    "parts": 3
  },
  {
    "iteration": 12100,
    "flights": 4,
    "parts": 2
  },
  {
    "iteration": 12200,
    "flights": 5,
    "parts": 1
  },
  {
    "iteration": 12300,
    "flights": 4,
    "parts": 4
  },
  {
    "iteration": 12400,
    "flights": 4,
    "parts": 3
  },
  {
    "iteration": 12500,
    "flights": 1,
    "parts": 4
  },
  {
    "iteration": 12600,
    "flights": 3,
    "parts": 4
  },
  {
    "iteration": 12700,
    "flights": 3,
    "parts": 4
  },
  {
    "iteration": 12800,
    "flights": 3,
    "parts": 3
  },
  {
    "iteration": 12900,
    "flights": 5,
    "parts": 3
  },
  {
    "iteration": 13000,
    "flights": 5,
    "parts": 2
  },
  {
    "iteration": 13100,
    "flights": 5,
    "parts": 3
  },
  {
    "iteration": 13200,
    "flights": 5,
    "parts": 2
  },
  {
    "iteration": 13300,
    "flights": 3,
    "parts": 3
  },
  {
    "iteration": 13400,
    "flights": 5,
    "parts": 2
  },
  {
    "iteration": 13500,
    "flights": 5,
    "parts": 2
  },
  {
    "iteration": 13600,
    "flights": 3,
    "parts": 2
  },
  {
    "iteration": 13700,
    "flights": 5,
    "parts": 3
  },
  {
    "iteration": 13800,
    "flights": 5,
    "parts": 3
  },
  {
    "iteration": 13900,
    "flights": 1,
    "parts": 3
  },
  {
    "iteration": 14000,
    "flights": 1,
    "parts": 3
  },
  {
    "iteration": 14100,
    "flights": 5,
    "parts": 2
  },
  {
    "iteration": 14200,
    "flights": 3,
    "parts": 3
  },
  {
    "iteration": 14300,
    "flights": 5,
    "parts": 1
  },
  {
    "iteration": 14400,
    "flights": 3,
    "parts": 3
  },
  {
    "iteration": 14500,
    "flights": 3,
    "parts": 4
  },
  {
    "iteration": 14600,
    "flights": 0,
    "parts": 4
  },
  {
    "iteration": 14700,
    "flights": 2,
    "parts": 4
  },
  {
    "iteration": 14800,
    "flights": 4,
    "parts": 4
  },
  {
    "iteration": 14900,
    "flights": 4,
    "parts": 3
  },
  {
    "iteration": 15000,
    "flights": 4,
    "parts": 3
  },
  {
    "iteration": 15100,
    "flights": 4,
    "parts": 2
  },
  {
    "iteration": 15200,
    "flights": 4,
    "parts": 3
  },
  {
    "iteration": 15300,
    "flights": 4,
    "parts": 3
  },
  {
    "iteration": 15400,
    "flights": 4,
    "parts": 2
  },
  {
    "iteration": 15500,
    "flights": 4,
    "parts": 4
  },
  {
    "iteration": 15600,
    "flights": 4,
    "parts": 3
  },
  {
    "iteration": 15700,
    "flights": 0,
    "parts": 3
  },
  {
    "iteration": 15800,
    "flights": 0,
    "parts": 4
  },
  {
    "iteration": 15900,
    "flights": 2,
    "parts": 3
  },
  {
    "iteration": 16000,
    "flights": 4,
    "parts": 3
  },
  {
    "iteration": 16100,
    "flights": 2,
    "parts": 3
  },
  {
    "iteration": 16200,
    "flights": 2,
    "parts": 2
  },
  {
    "iteration": 16300,
    "flights": 4,
    "parts": 3
  },
  {
    "iteration": 16400,
    "flights": 5,
    "parts": 2
  },
  {
    "iteration": 16500,
    "flights": 5,
    "parts": 2
  },
  {
    "iteration": 16600,
    "flights": 5,
    "parts": 3
  },
  {
    "iteration": 16700,
    "flights": 5,
    "parts": 1
  },
  {
    "iteration": 16800,
    "flights": 5,
    "parts": 2
  },
  {
    "iteration": 16900,
    "flights": 5,
    "parts": 3
  },
  {
    "iteration": 17000,
    "flights": 5,
    "parts": 1
  },
  {
    "iteration": 17100,
    "flights": 5,
    "parts": 2
  },
  {
    "iteration": 17200,
    "flights": 5,
    "parts": 3
  },
  {
    "iteration": 17300,
    "flights": 5,
    "parts": 2
  },
  {
    "iteration": 17400,
    "flights": 5,
    "parts": 3
  },
  {
    "iteration": 17500,
    "flights": 5,
    "parts": 2
  },
  {
    "iteration": 17600,
    "flights": 5,
    "parts": 2
  },
  {
    "iteration": 17700,
    "flights": 5,
    "parts": 2
  },
  {
    "iteration": 17800,
    "flights": 5,
    "parts": 3
  },
  {
    "iteration": 17900,
    "flights": 5,
    "parts": 2
  },
  {
    "iteration": 18000,
    "flights": 5,
    "parts": 2
  },
  {
    "iteration": 18100,
    "flights": 5,
    "parts": 2
  },
  {
    "iteration": 18200,
    "flights": 5,
    "parts": 3
  },
  {
    "iteration": 18300,
    "flights": 5,
    "parts": 2
  },
  {
    "iteration": 18400,
    "flights": 5,
    "parts": 2
  },
  {
    "iteration": 18500,
    "flights": 5,
    "parts": 2
  },
  {
    "iteration": 18600,
    "flights": 5,
    "parts": 2
  },
  {
    "iteration": 18700,
    "flights": 5,
    "parts": 3
  },
  {
    "iteration": 18800,
    "flights": 5,
    "parts": 2
  },
  {
    "iteration": 18900,
    "flights": 5,
    "parts": 3
  },
  {
    "iteration": 19000,
    "flights": 5,
    "parts": 3
  },
  {
    "iteration": 19100,
    "flights": 5,
    "parts": 1
  },
  {
    "iteration": 19200,
    "flights": 5,
    "parts": 2
  },
  {
    "iteration": 19300,
    "flights": 5,
    "parts": 3
  },
  {
    "iteration": 19400,
    "flights": 5,
    "parts": 1
  },
  {
    "iteration": 19500,
    "flights": 5,
    "parts": 1
  },
  {
    "iteration": 19600,
    "flights": 5,
    "parts": 2
  },
  {
    "iteration": 19700,
    "flights": 5,
    "parts": 1
  },
  {
    "iteration": 19800,
    "flights": 5,
    "parts": 1
  },
  {
    "iteration": 19900,
    "flights": 4,
    "parts": 3
  },
  {
    "iteration": 20000,
    "flights": 4,
    "parts": 3
  },
  {
    "iteration": 20100,
    "flights": 4,
    "parts": 3
  },
  {
    "iteration": 20200,
    "flights": 3,
    "parts": 2
  },
  {
    "iteration": 20300,
    "flights": 3,
    "parts": 3
  },
  {
    "iteration": 20400,
    "flights": 5,
    "parts": 2
  },
  {
    "iteration": 20500,
    "flights": 5,
    "parts": 1
  },
  {
    "iteration": 20600,
    "flights": 5,
    "parts": 2
  },
  {
    "iteration": 20700,
    "flights": 5,
    "parts": 3
  },
  {
    "iteration": 20800,
    "flights": 5,
    "parts": 2
  },
  {
    "iteration": 20900,
    "flights": 5,
    "parts": 2
  },
  {
    "iteration": 21000,
    "flights": 5,
    "parts": 3
  },
  {
    "iteration": 21100,
    "flights": 5,
    "parts": 1
  },
  {
    "iteration": 21200,
    "flights": 3,
    "parts": 1
  },
  {
    "iteration": 21300,
    "flights": 3,
    "parts": 3
  },
  {
    "iteration": 21400,
    "flights": 4,
    "parts": 0
  },
  {
    "iteration": 21500,
    "flights": 4,
    "parts": 3
  },
  {
    "iteration": 21600,
    "flights": 4,
    "parts": 2
  },
  {
    "iteration": 21700,
    "flights": 4,
    "parts": 3
  },
  {
    "iteration": 21800,
    "flights": 5,
    "parts": 3
  },
  {
    "iteration": 21900,
    "flights": 1,
    "parts": 3
  },
  {
    "iteration": 22000,
    "flights": 1,
    "parts": 4
  },
  {
    "iteration": 22100,
    "flights": 1,
    "parts": 4
  },
  {
    "iteration": 22200,
    "flights": 3,
    "parts": 4
  },
  {
    "iteration": 22300,
    "flights": 3,
    "parts": 3
  },
  {
    "iteration": 22400,
    "flights": 3,
    "parts": 3
  },
  {
    "iteration": 22500,
    "flights": 2,
    "parts": 3
  },
  {
    "iteration": 22600,
    "flights": 5,
    "parts": 2
  },
  {
    "iteration": 22700,
    "flights": 3,
    "parts": 3
  },
  {
    "iteration": 22800,
    "flights": 2,
    "parts": 2
  },
  {
    "iteration": 22900,
    "flights": 1,
    "parts": 3
  },
  {
    "iteration": 23000,
    "flights": 3,
    "parts": 3
  },
  {
    "iteration": 23100,
    "flights": 3,
    "parts": 2
  },
  {
    "iteration": 23200,
    "flights": 5,
    "parts": 2
  },
  {
    "iteration": 23300,
    "flights": 5,
    "parts": 2
  },
  {
    "iteration": 23400,
    "flights": 5,
    "parts": 1
  },
  {
    "iteration": 23500,
    "flights": 2,
    "parts": 2
  },
  {
    "iteration": 23600,
    "flights": 1,
    "parts": 3
  },
  {
    "iteration": 23700,
    "flights": 2,
    "parts": 2
  },
  {
    "iteration": 23800,
    "flights": 3,
    "parts": 4
  },
  {
    "iteration": 23900,
    "flights": 3,
    "parts": 3
  },
  {
    "iteration": 24000,
    "flights": 5,
    "parts": 2
  },
  {
    "iteration": 24100,
    "flights": 1,
    "parts": 3
  },
  {
    "iteration": 24200,
    "flights": 3,
    "parts": 2
  },
  {
    "iteration": 24300,
    "flights": 3,
    "parts": 3
  },
  {
    "iteration": 24400,
    "flights": 5,
    "parts": 2
  },
  {
    "iteration": 24500,
    "flights": 5,
    "parts": 2
  },
  {
    "iteration": 24600,
    "flights": 5,
    "parts": 1
  },
  {
    "iteration": 24700,
    "flights": 5,
    "parts": 2
  },
  {
    "iteration": 24800,
    "flights": 5,
    "parts": 1
  },
  {
    "iteration": 24900,
    "flights": 5,
    "parts": 1
  },
  {
    "iteration": 25000,
    "flights": 3,
    "parts": 1
  },
  {
    "iteration": 25100,
    "flights": 3,
    "parts": 2
  },
  {
    "iteration": 25200,
    "flights": 5,
    "parts": 1
  },
  {
    "iteration": 25300,
    "flights": 5,
    "parts": 1
  },
  {
    "iteration": 25400,
    "flights": 3,
    "parts": 3
  },
  {
    "iteration": 25500,
    "flights": 1,
    "parts": 4
  },
  {
    "iteration": 25600,
    "flights": 1,
    "parts": 2
  },
  {
    "iteration": 25700,
    "flights": 1,
    "parts": 2
  },
  {
    "iteration": 25800,
    "flights": 3,
    "parts": 3
  },
  {
    "iteration": 25900,
    "flights": 0,
    "parts": 3
  },
  {
    "iteration": 26000,
    "flights": 0,
    "parts": 1
  },
  {
    "iteration": 26100,
    "flights": 4,
    "parts": 4
  },
  {
    "iteration": 26200,
    "flights": 0,
    "parts": 3
  },
  {
    "iteration": 26300,
    "flights": 0,
    "parts": 4
  },
  {
    "iteration": 26400,
    "flights": 0,
    "parts": 4
  },
  {
    "iteration": 26500,
    "flights": 2,
    "parts": 4
  },
  {
    "iteration": 26600,
    "flights": 2,
    "parts": 4
  },
  {
    "iteration": 26700,
    "flights": 2,
    "parts": 3
  },
  {
    "iteration": 26800,
    "flights": 4,
    "parts": 3
  },
  {
    "iteration": 26900,
    "flights": 2,
    "parts": 2
  },
  {
    "iteration": 27000,
    "flights": 4,
    "parts": 3
  },
  {
    "iteration": 27100,
    "flights": 0,
    "parts": 3
  },
  {
    "iteration": 27200,
    "flights": 4,
    "parts": 3
  },
  {
    "iteration": 27300,
    "flights": 4,
    "parts": 1
  },
  {
    "iteration": 27400,
    "flights": 4,
    "parts": 4
  },
  {
    "iteration": 27500,
    "flights": 0,
    "parts": 4
  },
  {
    "iteration": 27600,
    "flights": 0,
    "parts": 3
  },
  {
    "iteration": 27700,
    "flights": 2,
    "parts": 4
  },
  {
    "iteration": 27800,
    "flights": 4,
    "parts": 3
  },
  {
    "iteration": 27900,
    "flights": 4,
    "parts": 3
  },
  {
    "iteration": 28000,
    "flights": 0,
    "parts": 3
  },
  {
    "iteration": 28100,
    "flights": 2,
    "parts": 3
  },
  {
    "iteration": 28200,
    "flights": 2,
    "parts": 3
  },
  {
    "iteration": 28300,
    "flights": 0,
    "parts": 2
  },
  {
    "iteration": 28400,
    "flights": 4,
    "parts": 3
  },
  {
    "iteration": 28500,
    "flights": 4,
    "parts": 2
  },
  {
    "iteration": 28600,
    "flights": 4,
    "parts": 2
  },
  {
    "iteration": 28700,
    "flights": 4,
    "parts": 3
  },
  {
    "iteration": 28800,
    "flights": 4,
    "parts": 3
  },
  {
    "iteration": 28900,
    "flights": 4,
    "parts": 3
  },
  {
    "iteration": 29000,
    "flights": 4,
    "parts": 2
  },
  {
    "iteration": 29100,
    "flights": 2,
    "parts": 3
  },
  {
    "iteration": 29200,
    "flights": 2,
    "parts": 2
  },
  {
    "iteration": 29300,
    "flights": 0,
    "parts": 2
  },
  {
    "iteration": 29400,
    "flights": 0,
    "parts": 3
  },
  {
    "iteration": 29500,
    "flights": 0,
    "parts": 2
  },
  {
    "iteration": 29600,
    "flights": 0,
    "parts": 4
  },
  {
    "iteration": 29700,
    "flights": 4,
    "parts": 2
  },
  {
    "iteration": 29800,
    "flights": 4,
    "parts": 3
  },
  {
    "iteration": 29900,
    "flights": 4,
    "parts": 3
  },
  {
    "iteration": 30000,
    "flights": 3,
    "parts": 4
  }
]